<form version="1.1" theme="light">
  <label>SGI_Performance_Monitoring</label>
  <fieldset submitButton="false" autoRun="false">
    <input type="time" token="SelectTime" searchWhenChanged="true">
      <label>Time</label>
      <default>
        <earliest>-15m</earliest>
        <latest>now</latest>
      </default>
    </input>
  </fieldset>
  <row>
    <panel>
      <table>
        <title>Overall Transaction Response Times</title>
        <search>
          <query>label !=label AND label = 0*_* | stats count as TotalRequests, count(eval(responseCode &lt;400)) AS Passed,count(eval(responseCode &gt;=400)) AS Failed,count(eval(responseCode =400)) AS 400,count(eval(responseCode =404)) AS 404,count(eval(responseCode =500)) AS 500, min(_time) AS StartTime, max(_time) AS EndTime, avg(elapsed) as Average, min(elapsed) as Minimum, max(elapsed) as Maximum, perc90(elapsed) AS per90, perc95(elapsed) AS per95, perc99(elapsed) AS per99 by label | eval Average = Average/1000, Minimum = Minimum/1000, Maximum = Maximum/1000, Average = round(Average,3), Minimum = round(Minimum,3), Maximum = round(Maximum,3), per90 = per90/1000, per95 = per95/1000, per99 = per99/1000,per90 = round(per90,3),per95 = round(per95,3),per99 = round(per99,3),error_percentage = (Failed / TotalRequests) * 100,error_percentage = round(error_percentage,2),error_percentage_display = error_percentage."%", DurationSeconds = EndTime - StartTime, AverageThroughput = TotalRequests / DurationSeconds, AverageThroughput = round(AverageThroughput,1),AverageThroughputDisplay = AverageThroughput."/sec",AverageThroughputMinutes= AverageThroughput*60, AverageThroughputMinutesDisplay=AverageThroughputMinutes."/min" |  table label,TotalRequests,Passed,Failed,400,404,500,Average,Minimum,Maximum,per90,per95,per99,error_percentage_display, AverageThroughputDisplay, AverageThroughputMinutesDisplay|  rename label AS "Transaction Name", Average AS "Average (sec)", Minimum AS "Minimum (sec)", Maximum AS "Maximum (sec)",per90 AS "90% (sec)",per95 AS "95% (sec)",per99 AS "99% (sec)",error_percentage_display AS "Error %", AverageThroughputDisplay AS "Throughput (/sec)", AverageThroughputMinutesDisplay AS "Throughput (/min)"</query>
          <earliest>$SelectTime.earliest$</earliest>
          <latest>$SelectTime.latest$</latest>
          <sampleRatio>1</sampleRatio>
          <refresh>30s</refresh>
          <refreshType>delay</refreshType>
        </search>
        <option name="count">20</option>
        <option name="dataOverlayMode">none</option>
        <option name="drilldown">none</option>
        <option name="percentagesRow">false</option>
        <option name="refresh.display">progressbar</option>
        <option name="rowNumbers">false</option>
        <option name="totalsRow">false</option>
        <option name="wrap">true</option>
      </table>
    </panel>
  </row>
  <row>
    <panel>
      <table>
        <title>API Transaction Response Times</title>
        <search>
          <query>label !=label AND label = API_* | stats count as TotalRequests, count(eval(responseCode &lt;400)) AS Passed,count(eval(responseCode &gt;=400)) AS Failed, min(_time) AS StartTime, max(_time) AS EndTime, avg(elapsed) as Average, min(elapsed) as Minimum, max(elapsed) as Maximum, perc90(elapsed) AS per90, perc95(elapsed) AS per95, perc99(elapsed) AS per99 by label | eval Average = Average/1000, Minimum = Minimum/1000, Maximum = Maximum/1000, Average = round(Average,3), Minimum = round(Minimum,3), Maximum = round(Maximum,3), per90 = per90/1000, per95 = per95/1000, per99 = per99/1000,per90 = round(per90,3),per95 = round(per95,3),per99 = round(per99,3),error_percentage = (Failed / TotalRequests) * 100,error_percentage = round(error_percentage,2),error_percentage_display = error_percentage."%", DurationSeconds = EndTime - StartTime, AverageThroughput = TotalRequests / DurationSeconds, AverageThroughput = round(AverageThroughput,1),AverageThroughputDisplay = AverageThroughput."/sec",AverageThroughputMinutes= AverageThroughput*60, AverageThroughputMinutesDisplay=AverageThroughputMinutes."/min" |  table label,TotalRequests,Passed,Failed,Average,Minimum,Maximum,per90,per95,per99,error_percentage_display, AverageThroughputDisplay, AverageThroughputMinutesDisplay|  rename label AS "Transaction Name", Average AS "Average (sec)", Minimum AS "Minimum (sec)", Maximum AS "Maximum (sec)",per90 AS "90% (sec)",per95 AS "95% (sec)",per99 AS "99% (sec)",error_percentage_display AS "Error %", AverageThroughputDisplay AS "Throughput (/sec)", AverageThroughputMinutesDisplay AS "Throughput (/min)"</query>
          <earliest>$SelectTime.earliest$</earliest>
          <latest>$SelectTime.latest$</latest>
          <sampleRatio>1</sampleRatio>
          <refresh>30s</refresh>
          <refreshType>delay</refreshType>
        </search>
        <option name="count">20</option>
        <option name="dataOverlayMode">none</option>
        <option name="drilldown">none</option>
        <option name="percentagesRow">false</option>
        <option name="refresh.display">progressbar</option>
        <option name="rowNumbers">false</option>
        <option name="totalsRow">false</option>
        <option name="wrap">true</option>
      </table>
    </panel>
  </row>
  <row>
    <panel>
      <chart>
        <title>API Response Times</title>
        <search>
          <query>label !=label AND label = 0*_* | timechart span=10s latest(elapsed) AS Current by label | eval Current = round(Current) | rename label AS "Transaction Name"</query>
          <earliest>$SelectTime.earliest$</earliest>
          <latest>$SelectTime.latest$</latest>
          <refresh>30s</refresh>
          <refreshType>delay</refreshType>
        </search>
        <option name="charting.axisTitleX.visibility">collapsed</option>
        <option name="charting.axisTitleY.text">Response Times (ms)</option>
        <option name="charting.chart">line</option>
        <option name="charting.drilldown">none</option>
        <option name="charting.legend.placement">bottom</option>
        <option name="height">358.984</option>
        <option name="refresh.display">progressbar</option>
      </chart>
    </panel>
  </row>
  <row>
    <panel>
      <chart>
        <title>Individual API Response Times</title>
        <search>
          <query>label !=label AND label = API_* | timechart span=10s latest(elapsed) AS Current by label | eval Current = round(Current) | rename label AS "Transaction Name"</query>
          <earliest>$SelectTime.earliest$</earliest>
          <latest>$SelectTime.latest$</latest>
          <refresh>30s</refresh>
          <refreshType>delay</refreshType>
        </search>
        <option name="charting.axisTitleX.visibility">collapsed</option>
        <option name="charting.axisTitleY.text">Response Times (ms)</option>
        <option name="charting.chart">line</option>
        <option name="charting.drilldown">none</option>
        <option name="charting.legend.placement">bottom</option>
        <option name="height">343.965</option>
        <option name="refresh.display">progressbar</option>
      </chart>
    </panel>
  </row>
  <row>
    <panel>
      <chart>
        <title>Total CPU Load Over Time</title>
        <search>
          <query>index=* sourcetype="Perfmon:Processor"| timechart span=10s latest(Value) by counter</query>
          <earliest>$SelectTime.earliest$</earliest>
          <latest>$SelectTime.latest$</latest>
          <refresh>30s</refresh>
          <refreshType>delay</refreshType>
        </search>
        <option name="charting.axisTitleX.visibility">collapsed</option>
        <option name="charting.axisTitleY.text">% CPU</option>
        <option name="charting.axisTitleY.visibility">visible</option>
        <option name="charting.axisTitleY2.visibility">visible</option>
        <option name="charting.axisY.maximumNumber">100</option>
        <option name="charting.axisY.minimumNumber">0</option>
        <option name="charting.chart">area</option>
        <option name="charting.chart.nullValueMode">gaps</option>
        <option name="charting.chart.showDataLabels">none</option>
        <option name="charting.chart.stackMode">default</option>
        <option name="charting.drilldown">none</option>
        <option name="charting.layout.splitSeries">0</option>
        <option name="charting.legend.labelStyle.overflowMode">ellipsisEnd</option>
        <option name="charting.legend.mode">standard</option>
        <option name="charting.legend.placement">bottom</option>
        <option name="refresh.display">progressbar</option>
        <option name="trellis.enabled">0</option>
        <option name="trellis.scales.shared">1</option>
        <option name="trellis.size">large</option>
        <option name="trellis.splitBy">_aggregation</option>
      </chart>
    </panel>
  </row>
</form>